{"cameraMode":{"drawMode":0,"name":"Shaded","section":"Shading Mode"},"sceneLighting":false,"audioPlay":false,"sceneViewState":{"showFog":true,"showMaterialUpdate":false,"showSkybox":false,"showFlares":true,"showImageEffects":true,"showParticleSystems":true},"in2DMode":false,"pivot":{"x":-3.9011552333831789,"y":-1.5134445428848267,"z":-1.3502870798110963},"rotation":{"x":0.31621241569519045,"y":0.5973718166351318,"z":-0.2765027582645416,"w":0.6831644177436829},"size":27.375934600830079,"orthographic":false}