{"cameraMode":{"drawMode":0,"name":"Shaded","section":"Shading Mode"},"sceneLighting":true,"audioPlay":false,"sceneViewState":{"showFog":true,"showMaterialUpdate":false,"showSkybox":true,"showFlares":true,"showImageEffects":true,"showParticleSystems":true},"in2DMode":false,"pivot":{"x":3.6180367469787599,"y":2.418207883834839,"z":-6.032332897186279},"rotation":{"x":0.14782340824604035,"y":-0.27468326687812807,"z":0.04277518764138222,"w":0.9491469860076904},"size":0.00005715516090276651,"orthographic":false}