{"cameraMode":{"drawMode":0,"name":"Shaded","section":"Shading Mode"},"sceneLighting":false,"audioPlay":false,"sceneViewState":{"showFog":true,"showMaterialUpdate":false,"showSkybox":false,"showFlares":true,"showImageEffects":true,"showParticleSystems":true},"in2DMode":false,"pivot":{"x":-1.6945360898971558,"y":1.9011691808700562,"z":-2.6869852542877199},"rotation":{"x":0.2845275104045868,"y":0.2452227622270584,"z":-0.07553672045469284,"w":0.9236912131309509},"size":0.9000572562217712,"orthographic":false}