{"cameraMode":{"drawMode":0,"name":"Shaded","section":"Shading Mode"},"sceneLighting":false,"audioPlay":false,"sceneViewState":{"showFog":true,"showMaterialUpdate":false,"showSkybox":false,"showFlares":true,"showImageEffects":true,"showParticleSystems":true},"in2DMode":false,"pivot":{"x":-6.0717267990112309,"y":2.3776307106018068,"z":-4.499387264251709},"rotation":{"x":0.24020801484584809,"y":0.25970691442489626,"z":-0.0668678730726242,"w":0.9329429864883423},"size":2.0183334350585939,"orthographic":false}