{"cameraMode":{"drawMode":0,"name":"Shaded","section":"Shading Mode"},"sceneLighting":true,"audioPlay":false,"sceneViewState":{"showFog":true,"showMaterialUpdate":false,"showSkybox":true,"showFlares":true,"showImageEffects":true,"showParticleSystems":true},"in2DMode":false,"pivot":{"x":-0.16233760118484498,"y":1.1714844703674317,"z":14.038564682006836},"rotation":{"x":0.287858784198761,"y":-0.4541841447353363,"z":0.15785528719425202,"w":0.8282226324081421},"size":5.558196067810059,"orthographic":false}