{"cameraMode":{"drawMode":0,"name":"Shaded","section":"Shading Mode"},"sceneLighting":true,"audioPlay":false,"sceneViewState":{"showFog":true,"showMaterialUpdate":false,"showSkybox":true,"showFlares":true,"showImageEffects":true,"showParticleSystems":true},"in2DMode":false,"pivot":{"x":-17.90998649597168,"y":38.8782844543457,"z":22.115814208984376},"rotation":{"x":-0.01690240390598774,"y":-0.9267929196357727,"z":0.37286296486854555,"w":-0.04201839119195938},"size":5.558196067810059,"orthographic":false}